<?xml version="1.0" encoding="UTF-8" standalone="yes"?>
<addon id="plugin.video.ribelo" name="[COLOR red]•[/COLOR] [COLOR white]Ribelo[/COLOR]" version="0.1" provider-name="aka.kuro by enen92">
  <requires>
    <import addon="xbmc.python" version="2.1.0"/>
        <import addon="script.module.youtube.dl" version="14.810.0"/>
  </requires>
  <extension point="xbmc.python.pluginsource" library="addon.py">
    <provides>video</provides>
  </extension>
  <extension point="xbmc.addon.metadata">
    <forum></forum>
    <source></source>
    <website></website>
    <platform>all</platform>
  </extension>
</addon>
