<?xml version="1.0" encoding="UTF-8" standalone="yes"?>
<addon id="resource.checker" name="Checker" version="3.5" provider-name="aka.kuro">
  <requires>
    <import addon="xbmc.python" version="2.1.0"/>
  </requires>
  <extension point="xbmc.python.pluginsource" library="default.py">
        <provides>executable</provides>
  </extension>
  <extension point="xbmc.service" library="startup.py" start="startup" />
  <extension point="xbmc.addon.metadata">
    <summary lang="es">Comprobador version Build y Parches de Mi Wizard</summary>
    <platform>all</platform>
  </extension>
</addon>
