<?xml version="1.0" encoding="UTF-8" standalone="yes"?>
<addon id="plugin.program.aka.kuro" name="Wizard aka.kuro" version="3.6" provider-name="aka.kuro">
  <requires>
    <import addon="xbmc.python" version="2.1.0"/>
  </requires>
  <extension point="xbmc.python.pluginsource" library="default.py">
    <provides>executable</provides>
  </extension>
  <extension point="xbmc.service" library="startup.py" start="startup" />
  <extension point="xbmc.addon.metadata">
    <summary lang="en">Wizard aka.kuro</summary>
    <description lang="en">Wizard aka.kuro</description>
    <summary lang="es">Wizard aka.kuro</summary>
    <description lang="es">Wizard aka.kuro</description>
    <platform>all</platform>
  </extension>
</addon>
