<?xml version="1.0" encoding="UTF-8"?>
    <addon id="repository.aka.kuro" name="aka.kuro" version="1.0" provider-name="aka.kuro">
        <requires>
            <import addon="xbmc.addon" version="12.0.0"/>
        </requires>
        <extension point="xbmc.addon.repository" name="aka.kuro">
        <info>https://raw.githubusercontent.com/aka0kuro/repository/master/addons.xml</info>
        <checksum>https://raw.githubusercontent.com/aka0kuro/repository/master/addons.xml.md5</checksum>
        <datadir zip="true">https://raw.githubusercontent.com/aka0kuro/repository/master/</datadir>
    </extension>
        <extension point="xbmc.addon.metadata">
            <summary>Aka.kuro repositorio</summary>
            <description>Repositorio aka.kuro para mis addons.</description>
            <platform>all</platform>
	    <icon>icon.png</icon>
    </extension>
</addon>
